
[
    {
        "category_title":"Electronics",
        "category_id":1,
        "sub_categories":[
                            {
                                "category_title":"Mobile",
                                "category_id":"1"
                            },

                            {
                                "category_title":"Laptop",
                                "category_id":"2"
                            },

                            {
                                "category_title":"TV",
                                "category_id":"3"
                            },

                            {
                                "category_title":"Fans",
                                "category_id":"4"
                            }
        ]
    },

     {
        "category_title":"Toys",
        "category_id":2,
        "sub_categories":[
                            {
                                "category_title":"Dolls",
                                "category_id":"1"
                            },

                            {
                                "category_title":"Vehicles",
                                "category_id":"2"
                            },

                            {
                                "category_title":"Built It",
                                "category_id":"3"
                            }

        ]
    },

    {
        "category_title":"Fashions",
        "category_id":3,
        "sub_categories":[
                            {
                                "category_title":"Mens",
                                "category_id":"1"
                            },

                            {
                                "category_title":"Womens",
                                "category_id":"2"
                            },

                            {
                                "category_title":"Kids & Children",
                                "category_id":"3"
                            }

        ]
    }



]

