{
    "1":{
        "1":[
            {
                "product_title": "Redmi A1",
                "product_id":1,
                "price":11000,
                "manufacturer":"MI",
                "color":"black",
                "pic":"assets/products/electronics/A1.jpg"
            },

             {
                "product_title": "Samsung Galaxy S10",
                "product_id":2,
                "price":20000,
                "manufacturer":"Samsung",
                "color":"white",
                "pic":"assets/products/electronics/gal-s10.jpg"
            }
        ],

         "2":[
            {
                "product_title": "Think pad",
                "product_id":1,
                "price":30000,
                "manufacturer":"Lenovo",
                "color":"black",
                "pic":"assets/products/electronics/lap3.jpg"
            },

             {
                "product_title":"Dell 123",
                "product_id":2,
                "price":20000,
                "manufacturer":"Dell",
                "color":"white",
                "pic":"assets/products/electronics/lap.jpg"
            }
        ],

        "3":[
            {
                "product_title": "Samsung",
                "product_id":1,
                "price":44100,
                "manufacturer":"Samsung",
                "color":"black",
                "pic":"assets/products/electronics/tv.jpg"
            },

             {
                "product_title": "LG TV",
                "product_id":2,
                "price":32200,
                "manufacturer":"LG India",
                "color":"white",
                "pic":"assets/products/electronics/tv1.jpg"
            }
        ],

         "4":[
            {
                "product_title": "Fan",
                "product_id":1,
                "price":1300,
                "manufacturer":"Samsun",
                "color":"black",
                "pic":"assets/products/electronics/fan.jpg"
            },

             {
                "product_title":"Fan-Samsung",
                "product_id":2,
                "price":200,
                "manufacturer":"Sony",
                "color":"white",
                "pic":"assets/products/electronics/fan5.jpg"
            }
        ]


    },

     "2":{
        "1":[
            {
                "product_title": "Doll Princess",
                "product_id":1,
                "price":100,
                "manufacturer":"Local",
                "color":"white",
                "pic":"assets/products/toys/doll7.jpg"
            },

             {
                "product_title": "Doll Pari",
                "product_id":2,
                "price":200,
                "manufacturer":"Local",
                "color":"pink",
                "pic":"assets/products/toys/doll5.jpg"
            }
        ],

         "2":[
            {
                "product_title": "Puzzle",
                "product_id":1,
                "price":300,
                "manufacturer":"xysd",
                "color":"black",
                "pic":"assets/products/toys/puz5.jpg"
            },

             {
                "product_title":"car",
                "product_id":2,
                "price":200,
                "manufacturer":"dddd",
                "color":"white",
                "pic":"assets/products/toys/puz1.jpg"
            }
        ],

        
        "3":[
            {
                "product_title": "Built",
                "product_id":1,
                "price":300,
                "manufacturer":"xysd",
                "color":"black",
                "pic":"assets/products/toys/built.jpg"
            },

             {
                "product_title":"Puzzle-Robot",
                "product_id":2,
                "price":200,
                "manufacturer":"dddd",
                "color":"white",
                "pic":"assets/products/toys/puz2.jpg"
            }
        ]


    },

    "3":{
        "1":[
            {
                "product_title": "Samsung",
                "product_id":1,
                "price":44100,
                "manufacturer":"Samsung",
                "color":"black",
                "pic":"assets/products/electronics/.jpg"
            },

             {
                "product_title": "LG TV",
                "product_id":2,
                "price":32200,
                "manufacturer":"LG India",
                "color":"white",
                "pic":"assets/products/electronics/.jpg"
            }
        ],

         "2":[
            {
                "product_title": "puzzle",
                "product_id":1,
                "price":300,
                "manufacturer":"xysd",
                "color":"black",
                "pic":"assets/products/toys/puzzle.jpg"
            },

             {
                "product_title":"car",
                "product_id":2,
                "price":200,
                "manufacturer":"dddd",
                "color":"white",
                "pic":"assets/products/toys/toycar1.jpg"
            }
        ]


    }

}